ID,COMPANY,LOCATION,TITLE,CAREER,DEADLINE
38001405,㈜연합인포맥스,서울 종로구,모의거래 웹 개발자(계약직) 채용,경력3년↑,~04/17(일)
37942397,엘에스이노베이션,서울 강서구 외,상반기 각 부문 채용 - (광고영업/백엔드 개발자/웹디자이너),신입·경력,~05/01(일)
37769506,㈜아이비에스,경기 이천시 외,"JAVA, C#, .NET 개발자를 모집합니다.[대전/이천]",경력무관,~04/10(일)
37684940,㈜비즈테크파트너스,서울 마포구 외,[LG그룹] JAVA 기반 업무시스템 PM/PL/분석/설계/개발자 인재 채용,경력2년↑,~04/13(수)
37987994,이타스코리아㈜,경기 성남시 외,"[이타스코리아] VOS business developer, project manager and field application engineer 정규직 채용",신입·경력,~04/17(일)
37917075,대한상공회의소 충남인력개발원,충남,"[취업연계 국비지원] 전기, 스마트팩토리, AIoT,스마트제조 MES프로젝트,무인이동체용 지능형임베디드시스템 개발자 교육생 모집",신입·경력,상시채용
37874192,잡코리아(유),서울 서초구,"[잡코리아/알바몬] 백엔드, 프론트엔드 개발자 경력직 모집",경력3년↑,~04/18(월)
37538112,에스케이쉴더스㈜,경기 성남시,Platform개발본부 `22년 상반기 신입 개발자 수시 채용,신입,~04/23(토)
37906598,네오컨버전스㈜,서울 성동구,[네오컨버전스] 2022 상반기 웹개발자 신입 정규직 채용,신입,~04/10(일)
37972473,주식회사 비롯시앤엠(Blot C&M),서울 강서구 외,디지털 에이전시 비롯 UI/UX 웹디자이너 퍼블리셔 PHP 웹개발자 모집,경력2년↑,~07/04(월)
37949798,㈜스마일랩,서울 송파구 외,"[연봉 8,000이상][임신준비플랫폼 1위] 안드로이드 시니어 개발자 모집",경력,상시채용
37918550,비즈테크파트너스,서울 마포구,[LG그룹] BizTechPartners 개발자 신입사원 채용,신입,~04/10(일)
37911002,버넥트,서울 용산구,버넥트 테크 1기 모집 - 신입개발자 대규모 공개채용,신입,~04/10(일)
37912405,㈜코어시큐리티,서울 송파구,"IT/OT 정보 보안 연구원, 시스템 개발자, 영상 편집 및 디자이너 채용",신입·경력,~04/09(토)
37910759,시큐와우㈜,경기 안양시 외,IT 보안컨설턴트/JAVA개발자 채용(기술진단 우대),신입·경력,~04/30(토)
37965973,㈜데이타존,경기 고양시 외,"데이타존 생산직 /영업관리/전산운용 및 개발자 신입,경력 사원 모집",신입·경력3년↑,~05/06(금)
38007832,그레이트북스,서울 구로구 외,[그레이트북스] IT개발운영팀 웹프로그램 개발자 모집,경력5년↑,~04/30(토)
38000601,㈜인실리코,경기 안산시,웹 개발자 (풀스택/프론트엔드/백엔드) 모집 - 정규직/경력자,경력5년↑,~05/06(금)
37999161,㈜이지서티,부산 해운대구 외,[신입/경력/정규직] (주)이지서티 영남지사 Java 개발자(소프트웨어) 채용,신입·경력,~04/25(월)
37998136,㈜코리아센터,서울 금천구 외,Vue.js 기반 프론트엔드 경력 개발자 모집,경력5년↑,~07/06(수)
,,,,,
